Doctor ID, Department ID, First Name, Middle Name, Last Name, Date of Birth, Gender, Phone Number, Street, City, State, Country
2,10,Tahboub,Mhmd,Ahmad,27-07-1973,F,+962796300400,View St,Mafraq,Jordan,Jordan
3,8,Olivia,Omar,Rodriguez,19-10-1992,M,+962747611212,Pine St,Madaba,Jordan,Jordan
4,10,Noah,Ray,Rodriguez,21-04-1966,M,+962782568229,Pine St,Madaba,Jordan,Jordan
5,9,Liam,Mae,Brown,14-02-1972,M,+962768493684,Lake St,Madaba,Jordan,Jordan
6,10,Jane,Lee,Brown,16-11-1957,F,+962734110537,Pine St,Tafilah,Jordan,Jordan
7,1,Noah,,Brown,11-04-2000,F,+962776855051,Second St,Amman,Jordan,Jordan
8,4,James,,Davis,21-05-1978,F,+962786283405,Maple St,Aqaba,Jordan,Jordan
9,5,Sophia,Omar,Davis,07-06-1972,F,+962710024646,Third St,Tafilah,Jordan,Jordan
10,5,Olivia,Mae,Martinez,11-05-1972,M,+962780535938,Cedar St,Ajloun,Jordan,Jordan
11,9,Emma,Ray,Martinez,26-07-2000,M,+962713927053,View St,Aqaba,Jordan,Jordan
12,7,James,Ann,Miller,01-02-1952,M,+962779410475,Main St,Irbid,Jordan,Jordan
13,2,Emma,Omar,Smith,01-06-1957,M,+962785242751,View St,Zarqa,Jordan,Jordan
16,1,James,,Smith,05-05-1987,M,+962770304042,Main St,Ajloun,Jordan,Jordan
17,4,Jane,Ann,Rodriguez,11-09-1991,F,+962754105649,Maple St,Jerash,Jordan,Jordan
18,10,Emma,Lee,Martinez,27-02-1955,F,+962785593155,Cedar St,Amman,Jordan,Jordan
19,7,Olivia,Lee,Martinez,06-12-1985,F,+962738995037,Elm St,Madaba,Jordan,Jordan
20,8,Liam,Lee,Miller,06-09-1998,F,+962764865960,Oak St,Jerash,Jordan,Jordan
21,1,Ahmad,Ann,Davis,08-06-1972,M,+962734325380,Oak St,Zarqa,Jordan,Jordan
22,5,Olivia,Lee,Brown,28-04-1953,F,+962785198466,Maple St,Jerash,Jordan,Jordan
23,9,Sophia,Rose,Davis,28-06-1995,M,+962767743249,Lake St,Ajloun,Jordan,Jordan
24,5,Liam,Lee,Johnson,01-09-1978,M,+962720084038,Lake St,Jerash,Jordan,Jordan
25,4,Noah,Mae,Johnson,03-09-1989,M,+962731239613,Oak St,Jerash,Jordan,Jordan
26,7,Emma,,Davis,16-02-2003,F,+962727430165,Third St,Mafraq,Jordan,Jordan
27,8,Ava,Rose,Williams,24-05-1986,F,+962712019153,Oak St,Mafraq,Jordan,Jordan
28,9,Ava,,Williams,16-04-1989,M,+962738064273,Pine St,Jerash,Jordan,Jordan
29,7,Liam,Rose,Garcia,05-04-1992,F,+962756953724,View St,Ma'an,Jordan,Jordan
30,4,Ava,Lee,Rodriguez,24-06-1980,F,+962735736951,View St,Ajloun,Jordan,Jordan
31,2,James,Grace,Williams,09-08-1984,M,+962723149617,Main St,Madaba,Jordan,Jordan
32,6,Ava,Lee,Miller,27-05-1951,F,+962796488189,View St,Madaba,Jordan,Jordan
33,8,Noah,Grace,Martinez,16-01-2001,M,+962746842230,Elm St,Tafilah,Jordan,Jordan
34,3,Emma,Rose,Jones,12-02-1997,F,+962729318250,View St,Tafilah,Jordan,Jordan
35,6,Ava,Omar,Miller,05-10-1982,M,+962716556892,Cedar St,Aqaba,Jordan,Jordan
36,10,John,Rose,Brown,02-07-1973,F,+962777208004,Second St,Madaba,Jordan,Jordan
37,1,John,Mae,Johnson,20-08-1988,F,+962786110757,Third St,Tafilah,Jordan,Jordan
38,9,Emma,,Rodriguez,10-07-1970,M,+962790320354,Maple St,Zarqa,Jordan,Jordan
39,4,Jane,Ray,Martinez,13-07-1956,F,+962794597820,Cedar St,Aqaba,Jordan,Jordan
40,5,James,Omar,Johnson,04-01-1989,F,+962775973306,Maple St,Aqaba,Jordan,Jordan
41,3,Liam,Lee,Smith,12-12-1981,M,+962775136048,Oak St,Jerash,Jordan,Jordan
42,8,Liam,,Jones,24-07-1971,F,+962775058822,Main St,Madaba,Jordan,Jordan
43,5,Ava,,Rodriguez,05-12-2003,F,+962728846536,Second St,Ma'an,Jordan,Jordan
44,6,James,Ray,Martinez,23-04-1996,F,+962793974212,Second St,Mafraq,Jordan,Jordan
45,9,Ahmad,,Garcia,19-10-1953,M,+962713711747,Elm St,Ma'an,Jordan,Jordan
46,9,Jane,Grace,Martinez,13-10-1950,M,+962774982995,Maple St,Amman,Jordan,Jordan
47,9,Jane,,Brown,14-07-1985,M,+962734918114,Lake St,Ma'an,Jordan,Jordan
48,3,Ava,Mae,Davis,10-04-1974,M,+962769230826,Elm St,Zarqa,Jordan,Jordan
49,10,Jane,Ray,Brown,01-06-1955,M,+962725129769,Elm St,Jerash,Jordan,Jordan
50,7,John,Omar,Smith,27-09-1976,M,+962744040644,View St,Jerash,Jordan,Jordan
51,1,Yazan,,Kiswani,19-04-2003,M,+962796300400,Al Nakheel,Amman,Amman,Jordan
